Home,Home,Home,Home,Home,Home,Home
Free Bets,Free Bets,Free Bets,Free Bets,Free Bets,Free Bets,Free Bets
Cheltenham Tips,Cheltenham Tips,Cheltenham Tips,Cheltenham Tips,Cheltenham Tips,Cheltenham Tips,Cheltenham Tips
Racecards,Racecards,Racecards,Racecards,Racecards,Racecards,Racecards
Cheltenham Odds,Cheltenham Odds,Cheltenham Odds,Cheltenham Odds,Cheltenham Odds,Cheltenham Odds,Cheltenham Odds
Results,Results,Results,Results,Results,Results,Results
Gold Cup,Gold Cup,Gold Cup,Gold Cup,Gold Cup,Gold Cup,Gold Cup
Videos,Videos,Videos,Videos,Videos,Videos,Videos
racingpost.com,racingpost.com,racingpost.com,racingpost.com,racingpost.com,racingpost.com,racingpost.com
tuesday's Races,tuesday's Races,tuesday's Races,tuesday's Races,tuesday's Races,tuesday's Races,tuesday's Races
wednesday's Races,wednesday's Races,wednesday's Races,wednesday's Races,wednesday's Races,wednesday's Races,wednesday's Races
thursday's Races,thursday's Races,thursday's Races,thursday's Races,thursday's Races,thursday's Races,thursday's Races
friday's Races,friday's Races,friday's Races,friday's Races,friday's Races,friday's Races,friday's Races
Turner's Novices' Hurdle,Brown Advisory Novices' Chase,BetMGM Cup Hurdle (Coral Cup),Glenfarclas Cross Country Chase,Champion Chase,Grand Annual Chase,Champion Bumper
13:20 Cheltenham Festival,14:00 Cheltenham Festival,14:40 Cheltenham Festival,15:20 Cheltenham Festival,16:00 Cheltenham Festival,16:40 Cheltenham Festival,17:20 Cheltenham Festival
2026-03-11,2026-03-11,2026-03-11,2026-03-11,2026-03-11,2026-03-11,2026-03-11
"Winner: £84,405","Winner: £115,916.2","Winner: £61,897","Winner: £39,022.5","Winner: £225,080","Winner: £84,405","Winner: £45,560"
Runners: 21,Runners: 14,Runners: 24,Runners: 14,Runners: 10,Runners: 20,Runners: 22
Going: Good To Soft,Going: Good To Soft,Going: Good To Soft,Going: Good To Soft,Going: Good To Soft,Going: Good To Soft,Going: Good To Soft
No. of hurdles: 10,No. of hurdles: 20,No. of hurdles: 10,No. of hurdles: 31,No. of hurdles: 13,No. of hurdles: 13,No. of hurdles:
Distance:,Distance:,Distance:,Distance:,Distance:,Distance:,Distance:
Odds ComparisonTips,Odds ComparisonTips,Odds ComparisonTips,Odds ComparisonTips,Odds ComparisonTips,Odds ComparisonTips,Odds ComparisonTips
Predict the Winner,Predict the Winner,Predict the Winner,Predict the Winner,Predict the Winner,Predict the Winner,Predict the Winner
Switch to decimal odds,Switch to decimal odds,Switch to decimal odds,Switch to decimal odds,Switch to decimal odds,Switch to decimal odds,Switch to decimal odds
"The Turners Novices' Hurdle, formerly known as the Ballymore Novices' Hurdle, and registered as The Baring Bingham Novices' Hurdle takes place on day two of the Cheltenham Festival, it is the premier race during the jumps season for novice hurdlers over the trip of 2m5f. It is a launchpad for top-class hurdlers and has been won by the likes of Istabraq, Hardy Eustace and Faugheen, all of whom went on to win the Champion Hurdle the following season.","The Brown Advisory Novices’ Chase (formerly the RSA Chase) takes place at 2.00pm on the second day of the Cheltenham Festival and is the most prestigious race of the jumps season for staying novice chasers. It is the novices’ equivalent of the Cheltenham Gold Cup and several winners have gone on to triumph in the Gold Cup itself in later years, including most recently Denman, Bobs Worth and Lord Windermere.","The BetMGM Cup is a 2m5f Premier Handicap hurdle that takes place on day two of the Cheltenham Festival. Known as the Coral Cup since it's inception in 1993, Coral ended their sponsorship of the race ahead of the 2026 Festival. Having a maximum field of 26, it's one of the most fiercely competitive betting heats at the meeting, with only one winner in the past ten years returning a single-figure price.","The Glenfarclas Cross Country Chase, run over 3m6f on day two of the Cheltenham Festival, is a one-of-a-kind race at the festival as the runners face a series of unique fences and obstacles on the cross-country course before rejoining the main track for the stamina-sapping closing stages. The Cross Country Chase has been a conditions race since 2016 but will revert back to its handicap status for 2025 after becoming increasingly uncompetitive in recent years. However, in a bid to attract top level chasers the weight range will now be 20lb.","The BetMGM Queen Mother Champion Chase is one of four championship races held at the Cheltenham Festival and is the feature race on day two of the meeting. It is the most prestigious race for two-mile chasers in the jumps season and has been landed by greats of the division such as Viking Flagship, Moscow Flyer, Master Minded, Sprinter Sacre and Altior.","The Johnny Henderson Grand Annual Handicap Chase takes place at 4.40pm on day two of the Cheltenham Festival. It is often run at a fierce gallop and attracts two-mile handicap specialists. Only two horses, Top Twenty and Dulwich, have won the race twice.","The Weatherbys Champion Bumper takes place on day two of the Cheltenham Festival and is the only race at the meeting during which no obstacles are jumped. It is for horses who are yet to begin their jumping careers and has been the starting point for many top-class hurdlers and chasers, including King George winners Florida Pearl and Cue Card."
NO.DRAW,NO.DRAW,NO.DRAW,NO.DRAW,NO.DRAW,NO.DRAW,NO.DRAW
FORM,FORM,FORM,FORM,FORM,FORM,FORM
HORSE,HORSE,HORSE,HORSE,HORSE,HORSE,HORSE
Predict the Winner,Predict the Winner,Predict the Winner,Predict the Winner,Predict the Winner,Predict the Winner,Predict the Winner
ODDS,ODDS,ODDS,ODDS,ODDS,ODDS,ODDS
JOCKEY&TRAINER,JOCKEY&TRAINER,JOCKEY&TRAINER,JOCKEY&TRAINER,JOCKEY&TRAINER,JOCKEY&TRAINER,JOCKEY&TRAINER
AGE,AGE,AGE,AGE,AGE,AGE,AGE
WGT,WGT,WGT,WGT,WGT,WGT,WGT
OR,OR,OR,OR,OR,OR,OR
RPR,RPR,RPR,RPR,RPR,RPR,RPR
12(0),10(0),3(0),2(0),8(0),4(0),9(0)
19-111,2-1111,/42-11,-05F11,3-1231,8-1222,1
No Drama This End,Romeo Coolio,Storm Heart,Favori De Champdou,Majborough,Be Aware,Love Sign d'Aunou
Select,Select,Select,Select,Select,Select,Select
5/2,3/1,9/2,9/4,10/11,4/1,5/1
J: Harry Cobden,J: Jack Kennedy,J: Danny Mullins,J: Jack Kennedy,J: Mark Walsh,J: Harry Skelton,J: Mr P W Mullins
T: Paul Nicholls,T: Gordon Elliott,T: W P Mullins,T: Gordon Elliott,T: W P Mullins,T: Dan Skelton,T: W P Mullins
6,7,6,11,6,7,5
11-7,11-7,11-10,11-5,11-10,11-6,11-7
144,158,151,157,174,147,127
156,169,157,173,183,160,138
17(0),2(0),10(0),1(0),4(0),8(0),8(0)
11,3-1113,11U-72,111P-1,11-11F,6-P056,11
Sober,Final Demand,Jingko Blue,Stumptown,Il Etait Temps,Jazzy Matty,Keep Him Company
Select,Select,Select,Select,Select,Select,Select
7/1,9/2,13/2,4/1,10/3,13/2,11/2
J: Mr P W Mullins,J: Paul Townend,J: James Bowen,J: Keith Donoghue,J: Paul Townend,J: Danny Gilligan,J: Jack Kennedy
T: W P Mullins,T: W P Mullins,T: Nicky Henderson,T: Gavin Cromwell,T: W P Mullins,T: Cian Collins,T: Gordon Elliott
7,7,7,9,8,7,6
11-7,11-7,11-3,11-10,11-10,11-2,11-7
0,156,144,162,172,143,127
148,165,155,171,180,157,136
9(0),4(0),14(0),9(0),6(0),9(0),13(0)
4-213,P-1211,-14389,0P-21P,143-13,P-3211,1
King Rasko Grey,Kaid d'Authie,Kateira,Desertmore House,L'Eau du Sud,Vanderpoel,The Mourne Rambler
Select,Select,Select,Select,Select,Select,Select
9-1,6/1,9-1,6/1,5/1,8/1,7/1
J: Paul Townend,J: Mark Walsh,J: Harry Skelton,J: Ricky Doyle,J: Harry Skelton,J: Ben Jones,J: Colin Keane
T: W P Mullins,T: W P Mullins,T: Dan Skelton,T: Martin Brassil,T: Dan Skelton,T: Ben Pauling,T: Noel Meade
6,6,9,11,8,7,5
11-7,11-7,11-0,10-5,11-10,11-0,11-7
148,158,141,140,163,141,126
150,169,159,168,174,159,132
1(0),14(0),11(0),3(0),9(0),5(0),21(0)
41-121,5-2131,0-0991,3P6315,/124F-,3-F555,1
Act Of Innocence,Wendigo,Iberico Lord,Final Orders,Quilixios,Inthepocket,Quiryn
Select,Select,Select,Select,Select,Select,Select
10/1,15/2,9/1,7/1,16/1,9/1,8/1
J: Nico de Boinville,J: Gavin Sheehan,J: Nico de Boinville,J: Conor Stone-Walsh,J: Darragh O'Keeffe,J: Mark Walsh,J: Paul Townend
T: Nicky Henderson,T: Jamie Snowden,T: Nicky Henderson,T: Gavin Cromwell,T: Henry De Bromhead,T: Henry De Bromhead,T: W P Mullins
6,7,8,10,9,9,4
11-7,11-7,11-3,10-9,11-10,11-5,10-11
138,147,144,147,163,146,125
146,161,159,171,170,163,135
19(0),6(0),1(0),4(0),5(0),14(0),1(0)
271-12,14-221,12-F25,0-U631,0-3112,231286,11
Sortudo,Koktail Divin,The Yellow Clay,Vanillier,Irish Panther,Ballysax Hank,Bass Hunter
Select,Select,Select,Select,Select,Select,Select
11/1,15/2,9/1,9/1,16/1,11/1,10/1
J: Danny Mullins,J: Darragh O'Keeffe,J: Michael Kenneally,J: Sean Flanagan,J: Kieren Buckley,J: James Bowen,J: Freddie Gordon
T: W P Mullins,T: Henry De Bromhead,T: Gordon Elliott,T: Gavin Cromwell,T: Eddie & Patrick Harty,T: Gavin Cromwell,T: Chris Gordon
6,6,7,11,9,7,6
11-7,11-7,12-0,10-7,11-10,10-12,11-7
143,150,155,145,153,139,126
146,166,162,171,160,156,133
16(0),15(0),8(0),6(0),3(0),20(0),12(0)
4-211,111132,1-3,32569F,411434,166-22,1
Skylight Hustle,Western Fold,Puturhandstogether,Pied Piper,Found A Fifty,Release The Beast,The Irish Avatar
Select,Select,Select,Select,Select,Select,Select
12/1,11/1,9/1,12/1,33/1,11/1,12/1
J: Danny Gilligan,J: Danny Gilligan,J: J J Slevin,J: Sam Ewing,J: Jack Kennedy,J: Sean Flanagan,J: Harry Cobden
T: Gordon Elliott,T: Gordon Elliott,T: Joseph Patrick O'Brien,T: Gordon Elliott,T: Gordon Elliott,T: Paul Nolan,T: W P Mullins
6,7,5,8,9,7,5
11-7,11-7,11-5,10-7,11-10,10-9,11-7
148,157,146,145,164,136,124
153,165,149,168,171,152,133
2(0),8(0),9(0),7(0),2(0),18(0),7(0)
1112,-22111,/102-F,/740-4,3-2P63,F51254,214
Ballyfad,Oscars Brother,Kopeck De Mee,Fakir d'Oudairies,Captain Guinness,Relieved Of Duties,It's Only A Game
Select,Select,Select,Select,Select,Select,Select
12/1,14/1,11/1,16/1,50/1,12/1,16/1
J: Jack Kennedy,J: Daniel King,J: Mark Walsh,J: Darragh O'Keeffe,J: Jordan Gainford,J: Jack Kennedy,J: Mr J L Gleeson
T: Gordon Elliott,T: Connor King,T: W P Mullins,T: E Bolger,T: Henry De Bromhead,T: Gordon Elliott,T: Martin Brassil
5,8,6,11,11,7,5
11-7,11-7,11-4,10-7,11-10,10-9,11-7
149,155,145,145,154,136,129
151,164,154,168,164,161,133
8(0),5(0),21(0),13(0),10(0),3(0),22(0)
2-1111,53-11U,P60-49,-50272,-12122,-51132,121
I'll Sort That,Kitzbuhel,Bunting,The Goffer,Saint Segal,Rubaud,Mets Ta Ceinture
Select,Select,Select,Select,Select,Select,Select
14/1,14/1,14/1,16/1,50/1,16/1,16/1
J: Mr D L Queally,J: Harry Cobden,J: Harry Cobden,J: Josh Williamson,J: Ciaran Gethings,J: Harry Cobden,J: Harry Skelton
T: Declan Queally,T: W P Mullins,T: W P Mullins,T: Gordon Elliott,T: Jane Williams,T: Paul Nicholls,T: Dan Skelton
6,6,6,9,8,8,4
11-7,11-7,10-12,10-5,11-10,11-7,10-4
144,153,139,135,155,148,110
151,164,154,165,164,157,127
3(0),12(0),23(0),5(0),7(0),17(0),3(0)
1-311,2-3141,224-73,08P-43,2F-U43,-41472,11
Bossman Jack,Salver,Forty Coats,Conflated,Libberty Hunter,Break My Soul,Broadway Ted
Select,Select,Select,Select,Select,Select,Select
16/1,25/1,14/1,33/1,66/1,16/1,16/1
J: Harry Skelton,J: Caoilin Quinn,J: Darragh O'Keeffe,J: Danny Gilligan,J: Sean Bowen,J: Sam Ewing,J: Sean Bowen
T: Dan Skelton,T: Gary & Josh Moore,T: Henry De Bromhead,T: Gordon Elliott,T: Mrs C Williams,T: Ian Patrick Donoghue,T: Gordon Elliott
6,6,7,12,10,7,5
11-7,11-7,10-11,10-7,11-10,10-9,11-7
134,149,138,145,151,136,131
149,161,161,170,161,155,137
15(0),1(0),6(0),12(0),1(0),15(0),19(0)
5-P721,7-5F11,233-33,20-779,12-43P,P-4P51,211
Shuttle Diplomacy,Argento Boy,Farren Glory,Latenightpass,Brookie,Personal Ambition,Moonverrin
Select,Select,Select,Select,Select,Select,Select
33/1,50/1,22/1,40/1,125/1,22/1,22/1
J: Daniel King,J: Danny Mullins,J: Jack Kennedy,J: Miss Gina Andrews,J: Sam Twiston-Davies,J: Kielan Woods,J: Mr Finian Maguire
T: Thomas Cooper,T: W P Mullins,T: Gordon Elliott,T: T Ellis,T: Anthony Honeyball,T: Ben Pauling,T: Martin Hassett
6,7,9,13,9,7,5
11-7,11-7,11-7,10-5,11-10,10-11,11-0
138,148,148,135,148,138,121
145,156,157,165,152,161,132
20(0),13(0),4(0),14(0),Predict the winner of Champion Chase,16(0),20(0)
112,140-12,74-323,6P-770,Please make a prediction to see the full results,5-5111,1
Taurus Bay,Thomas Mor,Lucky Place,Famous Bridge,Make a prediction,Jour d'Evasion,Our Trigger
Select,Select,Select,Select,1st,Select,Select
33/1,66/1,25/1,80/1,Majborough,22/1,25/1
J: Ben Jones,J: Ben Jones,J: Brian Hughes,J: Sean Quinlan,2nd,J: Sam Twiston-Davies,J: Danny Mullins
T: Ben Pauling,T: Philip Hobbs & Johnson White,T: Nicky Henderson,T: Nicky Richards,Il Etait Temps,T: Henry Daly,T: W P Mullins
5,9,7,10,3rd,7,4
11-7,11-7,11-10,10-5,L'Eau du Sud,10-10,10-11
135,147,151,132,4th,137,119
139,159,158,162,Quilixios,156,136
22(0),7(0),12(0),10(0),5th,19(0),4(0)
23211,P-3841,19-231,90-28P,Captain Guinness,5-0220,13
Zeus Power,Now Is The Hour,Guard Duty,Horantzau d'Airy,6th,Jasko Des Dames,Charismatic Kid
Select,Select,Select,Select,Found A Fifty,Select,Select
40/1,80/1,28/1,80/1,7th,22/1,28/1
J: J J Slevin,J: Keith Donoghue,J: Ben Jones,J: Charlie Hammond,Irish Panther,J: Darragh O'Keeffe,J: Sam Ewing
T: Joseph Patrick O'Brien,T: Gavin Cromwell,T: Emma Lavelle,T: Stuart Edmunds,8th,T: Henry De Bromhead,T: Gordon Elliott
5,9,9,9,Saint Segal,7,5
11-7,11-7,11-1,10-5,9th,10-9,11-7
135,149,142,139,Brookie,136,127
145,158,158,166,10th,157,134
11(0),3(0),2(0),8(0),Libberty Hunter,7(0),2(0)
2-21,27-461,7/13-6,28-P7P,RACING POST TIP,321413,21
Laurets d'Estruval,Joystick,Ballyadam,Velvet Elvis,L'Eau du Sud,Addragoole,Boycetown
Select,Select,Select,Select,"The unfortunate absence of last year's winner Marine Nationale, who was ruled out last week due to a setback, leaves the door wider open for Majborough who is now firmly the one to beat provided the form of his Dublin Chase success is backed up and the mistakes he made in the 2025 Arkle don't resurface. The return to Cheltenham also presents a slight question mark for his stablemate Il Etait Temps who is otherwise one of the main dangers on the figures. Shloer winner L'EAU DU SUD is a rock-solid alternative who is suitably fresh, has no doubts as regards the course and remains open to further progress. Unexposed novice chaser Irish Panther (second choice from a punting perspective) adds great interest, while Quilixios again seems likely to go well.",Select,Select
40/1,110/1,33/1,100/1,Cheltenham Free Bets,22/1,33/1
J: Brian Hayes,J: Brian Hayes,J: Patrick M O'Brien,J: Gavin Sheehan,GET £60 IN FREE BETS WHEN YOU BET £10,J: Keith Donoghue,J: Keith Donoghue
T: W P Mullins,T: W P Mullins,T: Henry De Bromhead,T: John C McConnell,GET STARTED,T: Gavin Cromwell,T: Gavin Cromwell
5,7,11,10,"Place a min £10 bet on Sportsbook on Cheltenham on odds of min EVS (2.0), get 6x £10 in Free Bet Builders, Accumulators or multiples to use on any sport. Rewards valid for 30 days. Only deposits via Pay by Bank, Apple Pay or Debit Card will qualify. T&Cs apply. Please Gamble Responsibly.",7,5
11-7,11-7,11-11,10-5,"£40 IN FREE BETS + Money Back All Losers - First Race, Every Day - Cheltenham",11-4,11-7
135,147,152,142,GET STARTED,145,128
141,155,158,166,"18+. New UK customers (Excluding NI) only. Min Deposit £10. Min stake £10. Min odds Evs. Free bet applied on 1st settlement of any qualifying bet. 30 days to qualify. Free bets expire in 7 days. Cashed out/Free Bets won’t apply. Account & Payment method restrictions apply. 1 Free Bet offer per customer, household & IP Address only. T&Cs Apply 18+. IRE/UK online & in-shop for BOYLE Xtra cardholders. Max free bet (FB) £/€10 on losing bets. First bet on first race daily at the Cheltenham Festival (10/3-13/3). Offer live from 2.00pm, 48hrs before each race. Win single & win part e/w single (outright). Antepost/combined odds/multis/free/void/cashed-out bets excluded. FB expires in 7 days. One per customer. Account/payment restrictions. T&Cs apply.",154,123
7(0),11(0),20(0),11(0),£40 IN FREE BETS WHEN YOU BET £5,2(0),18(0)
31-112,0-4551,-542,65P-8P,EXCLUSIVE OFFER,32-114,412
Hurricane Pat,Rushmount,Beckett Rock,Minella Crooner,New UK customers. Min £10 first deposit. Sign up via the Racing Post link and place a bet of £5 at min odds of min odds of 3.0 and get £40 in Free Bets (£30 Welcome offer + £10 extra) within 48 hours. Restrictions apply. Full T&Cs apply. 18+. BeGambleAware.org.,Calico,With Nolimit
Select,Select,Select,Select,GET £40 IN FREE BETS + BET £10 GET £10 ON THE FIRST RACE EACH DAY,Select,Select
50/1,125/1,33/1,150/1,GET STARTED,28/1,40/1
J: Caoilin Quinn,J: Sean O'Keeffe,J: Mike O'Connor,J: James Best,"New customers only. 00:00 06/03/26 – 23:59 13/03/26. Register with FRED40, deposit with Debit Card, and place first bet £10+ at Evens (2.0)+ on Sports within 7 days to get £20 in Sports Free Bets & £20 in Acca Free Bets within 24 hours of settlement. 7-day expiry. Eligibility & payment exclusions apply. Full T&Cs apply.",J: Tristan Durrell,J: Mr H C Swan
T: Gary & Josh Moore,T: Jonathan Sweeney,T: Henry De Bromhead,T: Sarah Humphrey,GET £60 IN FREE BETS WHEN YOU BET £20,T: Dan Skelton,T: Gordon Elliott
6,9,7,10,GET STARTED,10,5
11-7,11-7,10-12,10-5,New customers only. First single & E/W bet only. Odds of 1/1 or greater. 6 X £10 bet tokens. Free bet stakes not included in returns. Free bets for Horse Racing multiples only. Free bets are non withdrawable. Free bets expire after 7 days. Eligibility restrictions and further T&Cs apply.,11-12,11-7
136,145,139,137,GET £40 IN FREE BETS,153,129
144,154,157,155,GET STARTED,155,137
14(0),NR(0),13(0),Predict the winner of Glenfarclas Cross Country Chase,"New customers online only. Eligibility restrictions apply. Only valid with code B10G40CF on registration. £/€10 min qualifying bet at 1/1 (2.0) odds or greater across sports or racing (if EW then min £10 Win + £10 Place). Receive £/€20 Tote Credit, £/€10 Free Sports Bet and 2 x £/€5 Football Acca within 48 hours of qualifying bet settlement. 7-day expiry on free bets & Tote Credit. Your first bet will be your qualifying bet. One per customer. UK & ROI customers only. 18+. Full T&Cs apply. Gambleaware.org. Full T&Cs apply.",10(0),15(0)
3-16,5/3-13,2-63PF,Please make a prediction to see the full results,£40 IN FREE BETS,5-8314,2-1
Saint Baco,Predators Gold,Chart Topper,Make a prediction,GET STARTED,Western Diego,The Wager
Select,Select,Select,1st,"New UK customers. Place a £10 real money bet at min. 2.0 odds within 5 days of first deposit. Receive 4 x £10 Free Bets: 1 Single, 2 Accas (min. 3 selections), 1 Bet Builder (min. 3 selections). Excludes cashout, E/W, Multis & Virtuals. Credited after bet settlement. 7-day expiry. T&Cs apply.",Select,Select
50/1,T: W P Mullins,40/1,Favori De Champdou,100% Up To £50 Welcome Bonus,28/1,50/1
J: Sean O'Keeffe,7,J: Brian Hayes,2nd,GET STARTED,J: Brian Hayes,J: Miss J Townend
T: W P Mullins,11-7,T: W P Mullins,Stumptown,"New players. Choose bonus at signup. Wager bonus 10x. Any withdrawals void bonus. Valid 30 days. Deposit used 1st. Odds, bet & payment limits.T&Cs apply. 18+.",T: W P Mullins,T: W P Mullins
5,149,7,3rd,£40 IN FREE BETS WHEN YOU BET £10,9,5
11-7,156,11-0,Vanillier,GET STARTED,11-0,11-7
140,NR(0),141,4th,"18+. Play Safe. New players using T60 code. Online only. Get £60 bonus split as follows: (i) Deposit £10. Get a £20 Vegas Bonus on selected games (72hr expiry, wagering reqs apply); “(ii) bet £10+ (odds 1/2+) with cash or Vegas winnings (after wager reqs met). Once settled, get 4x£10 sports free bets (valid 7 days, excl. virtual sports). Payment & country restrictions & full T&Cs apply. #ad",141,115
137,12P-21,154,Desertmore House,GET £50 IN FREE BETS WHEN YOU BET £10,154,119
10(0),The Big Westerner,19(0),5th,GET STARTED,6(0),6(0)
412,Select,833495,Final Orders,"Place a min £10 bet on Sportsbook on odds of min EVS (2.0), get 3x £10 in Free Bet Builders, Accumulators or multiples to use on any sport. Rewards valid for 30 days. Only deposits via Pay by Bank, Apple Pay or Debit Card will qualify. T&Cs apply. Please Gamble Responsibly.",F4-P53,1
Klimt Madrik,T: Henry De Bromhead,Franciscan Rock,6th,60-1 MAJBOROUGH TO FINISH IN THE TOP 3,Boothill,Diamant Dore
Select,7,Select,The Goffer,GET STARTED,Select,Select
80/1,11-0,50/1,7th,New customers only. £5 minimum deposit. Bets on Lulamba Top 3 Finish only. First £1 single bet only. 6 x £10 bet tokens. Free bets for horse racing multiples only. Free bet stakes not included in returns. Free bets are non-withdrawable. 7 Day free bet expiry. Eligibility restrictions. Further T&Cs apply. 18+. Gambleaware.org,40/1,50/1
J: Kevin Brogan,144,J: Josh Williamson,Fakir d'Oudairies,GET £30 IN FREE BETS,J: Bryan Carver,J: Brian Hughes
T: Toby Lawes,160,T: M F Morris,8th,GET STARTED,T: Harry Fry,T: Adrian Paul Keatley
6,Predict the winner of Brown Advisory Novices' Chase,9,Pied Piper,"Min deposit requirement. Free Bets are paid as Bet Credits and are available for use upon settlement of qualifying bets. Min odds, bet and payment method exclusions apply. Returns exclude Bet Credits stake. Time limits and T&Cs apply.",11,5
11-7,Please make a prediction to see the full results,10-12,9th,GET £40 IN FREE BETS,11-4,11-7
138,Make a prediction,139,Conflated,GET STARTED,145,118
144,1st,159,10th,New customers: Deposit £10+ within 7 days and place a sports bet (place element of E/W bets excluded). Min odds apply. Get 4 x £10 Free Bets (each requires 2+ selections). Valid 7 days. Excludes eSports and non-UK/IE horse racing. 18+. T&Cs apply.,160,127
18(0),Romeo Coolio,5(0),Velvet Elvis,£40 IN FREE BETS WHEN YOU BET £10,12(0),17(0)
3123,2nd,7-66P4,11th,GET STARTED,-25236,11
Soldier Reeves,Wendigo,Buddy One,Latenightpass,18+ New Customers only. Available 09:00 16/02/2026 to 23:59 15/03/2026. Certain deposit methods and bet types excl. 1st Deposit & Bet £10+ at min odds 1/2 within 14 days of account reg & get 3x £10 free bets and 2x £5 free bets. Restrictions + T&Cs apply.,Special Cadeau,Wilde's Legacy
Select,3rd,Select,12th,£40 IN FREE BETS WHEN YOU BET £10,Select,Select
80/1,Final Demand,50/1,Minella Crooner,GET STARTED,40/1,50/1
J: Tristan Durrell,4th,J: Jack G Gilligan,13th,"18+ New UK+ROI Customers only. Certain deposit methods & bet types excl. Min first £/€10 bet within 14 days of account reg at min odds 1/2 to get 3x £/€10 free bets and 2 x £/€5 free bets. Free bets available to use on selected sportsbook markets only. Free bets valid for 7 days, stake not returned. Restrictions + T&Cs apply.",J: Mike O'Connor,J: Gavin Sheehan
T: Dan Skelton,Kaid d'Authie,T: Paul John Gilligan,Famous Bridge,£30 IN FREE BETS,T: Henry De Bromhead,T: Jamie Snowden
5,5th,9,14th,GET STARTED,8,5
11-7,The Big Westerner,11-8,Horantzau d'Airy,New UK customers. Min £10 first deposit. Place a bet of £5 at min odds of 2.0 and get £30 in Free Bets within 48 hours. Restrictions apply. Full T&Cs apply. 18+. BeGambleAware.org.,11-0,11-7
131,6th,149,RACING POST TIP,Cheltenham Festival Tips,141,120
140,Koktail Divin,159,Favori De Champdou,,156,128
13(0),7th,15(0),"Last year's winner Stumptown has been given a good break since his heroics in the Czech Republic in October and is unlikely to go down without a fight. However, in the meantime FAVORI DE CHAMPDOU was in excellent form during the winter and he is taken to overcome an 8lb rise for his impressive C&D success in January. Final Orders, also a C&D winner this season, was probably not ideally suited by the soft ground when fifth behind the selection last time and can get closer to him today. Among the bigger-priced options, Pied Piper makes some appeal.",2026 Cheltenham Festival tips from Racing Post Experts,1(0),5(0)
-42124,Oscars Brother,350-F8,Cheltenham Free Bets,,4-4232,116
Riskaway,8th,Sony Bill,GET £60 IN FREE BETS WHEN YOU BET £10,Champion Chase Tips,Touch Me Not,Chicker
Select,Western Fold,Select,GET STARTED,,Select,Select
100/1,9th,50/1,"Place a min £10 bet on Sportsbook on Cheltenham on odds of min EVS (2.0), get 6x £10 in Free Bet Builders, Accumulators or multiples to use on any sport. Rewards valid for 30 days. Only deposits via Pay by Bank, Apple Pay or Debit Card will qualify. T&Cs apply. Please Gamble Responsibly.",Cheltenham Festival Day 2 Tips,50/1,80/1
J: Sam Ewing,Kitzbuhel,J: Sean O'Keeffe,"£40 IN FREE BETS + Money Back All Losers - First Race, Every Day - Cheltenham",,J: James Smith,J: Jonathan Burke
T: Gordon Elliott,10th,T: W P Mullins,GET STARTED,All Cheltenham Festival Tips,T: Gordon Elliott,T: Fergal O'Brien
6,Thomas Mor,5,"18+. New UK customers (Excluding NI) only. Min Deposit £10. Min stake £10. Min odds Evs. Free bet applied on 1st settlement of any qualifying bet. 30 days to qualify. Free bets expire in 7 days. Cashed out/Free Bets won’t apply. Account & Payment method restrictions apply. 1 Free Bet offer per customer, household & IP Address only. T&Cs Apply 18+. IRE/UK online & in-shop for BOYLE Xtra cardholders. Max free bet (FB) £/€10 on losing bets. First bet on first race daily at the Cheltenham Festival (10/3-13/3). Offer live from 2.00pm, 48hrs before each race. Win single & win part e/w single (outright). Antepost/combined odds/multis/free/void/cashed-out bets excluded. FB expires in 7 days. One per customer. Account/payment restrictions. T&Cs apply.",CHAMPION CHASE PREVIOUS WINNERS,7,5
11-7,11th,11-0,£40 IN FREE BETS WHEN YOU BET £5,Year,12-0,11-7
140,Predators Gold,141,EXCLUSIVE OFFER,2025,155,121
143,12th,151,New UK customers. Min £10 first deposit. Sign up via the Racing Post link and place a bet of £5 at min odds of min odds of 3.0 and get £40 in Free Bets (£30 Welcome offer + £10 extra) within 48 hours. Restrictions apply. Full T&Cs apply. 18+. BeGambleAware.org.,2024,160,121
6(0),Argento Boy,16(0),GET £40 IN FREE BETS + BET £10 GET £10 ON THE FIRST RACE EACH DAY,2023,13(0),14(0)
2-13,13th,11-156,GET STARTED,2022,8-529U,1
Free Spirit,Salver,Give It To Me Oj,"New customers only. 00:00 06/03/26 – 23:59 13/03/26. Register with FRED40, deposit with Debit Card, and place first bet £10+ at Evens (2.0)+ on Sports within 7 days to get £20 in Sports Free Bets & £20 in Acca Free Bets within 24 hours of settlement. 7-day expiry. Eligibility & payment exclusions apply. Full T&Cs apply.",2021,Martator,The Skecher
Select,14th,Select,GET £60 IN FREE BETS WHEN YOU BET £20,2020,Select,Select
125/1,Joystick,50/1,GET STARTED,2019,66/1,100/1
J: Mark Walsh,15th,J: Caoilin Quinn,New customers only. First single & E/W bet only. Odds of 1/1 or greater. 6 X £10 bet tokens. Free bet stakes not included in returns. Free bets for Horse Racing multiples only. Free bets are non withdrawable. Free bets expire after 7 days. Eligibility restrictions and further T&Cs apply.,2018,J: Charlie Deutsch,J: Tristan Durrell
T: W P Mullins,Rushmount,T: Gary & Josh Moore,GET £40 IN FREE BETS,2017,T: Venetia Williams,T: Dan Skelton
5,16th,5,GET STARTED,2016,9,5
11-7,Now Is The Hour,10-13,"New customers online only. Eligibility restrictions apply. Only valid with code B10G40CF on registration. £/€10 min qualifying bet at 1/1 (2.0) odds or greater across sports or racing (if EW then min £10 Win + £10 Place). Receive £/€20 Tote Credit, £/€10 Free Sports Bet and 2 x £/€5 Football Acca within 48 hours of qualifying bet settlement. 7-day expiry on free bets & Tote Credit. Your first bet will be your qualifying bet. One per customer. UK & ROI customers only. 18+. Full T&Cs apply. Gambleaware.org. Full T&Cs apply.",2015,10-12,11-7
0,RACING POST TIP,140,£40 IN FREE BETS,CHAMPION CHASE KEY TRENDS AND STATS,139,116
136,Kaid d'Authie,152,GET STARTED,,160,121
21(0),"If they all line up this would be the biggest field for this race since 2007. The quality is high, too, with seven of the runners having achieved a Racing Post Rating of 155 or higher over fences. Final Demand and Romeo Coolio are huge talents, although neither looks rock-solid coming into this race and solid alternatives abound. Oscars Brother (second choice), Wendigo and Koktail Divin are all contenders, as is Western Fold whose chance would be boosted if the ground stays on the quick side, but the narrow verdict goes to KAID D'AUTHIE, whose win at the Dublin Racing Festival had all the hallmarks of a horse made for this race.",24(0),"New UK customers. Place a £10 real money bet at min. 2.0 odds within 5 days of first deposit. Receive 4 x £10 Free Bets: 1 Single, 2 Accas (min. 3 selections), 1 Bet Builder (min. 3 selections). Excludes cashout, E/W, Multis & Virtuals. Credited after bet settlement. 7-day expiry. T&Cs apply.",Key trends,11(0),11(0)
35-161,Cheltenham Free Bets,0-12FU,100% Up To £50 Welcome Bonus,"Won over at least 2m1f, 10/10",1-0770,426
Walks In June,GET £60 IN FREE BETS WHEN YOU BET £10,HMS Seahorse,GET STARTED,"No more than 10lb off RPR top-rated, 10/10 (four were top-rated)",The Other Mozzie,Tally Ho Back
Select,GET STARTED,Select,"New players. Choose bonus at signup. Wager bonus 10x. Any withdrawals void bonus. Valid 30 days. Deposit used 1st. Odds, bet & payment limits.T&Cs apply. 18+.","Adjusted RPR of at least 174, 8/10",Select,Select
150/1,"Place a min £10 bet on Sportsbook on Cheltenham on odds of min EVS (2.0), get 6x £10 in Free Bet Builders, Accumulators or multiples to use on any sport. Rewards valid for 30 days. Only deposits via Pay by Bank, Apple Pay or Debit Card will qualify. T&Cs apply. Please Gamble Responsibly.",66/1,£40 IN FREE BETS WHEN YOU BET £10,"Grade 1 chase winner, 7/10",100/1,100/1
J: Darragh O'Keeffe,"£40 IN FREE BETS + Money Back All Losers - First Race, Every Day - Cheltenham",J: Eoin Staples,GET STARTED,"Won Graded chase within last two starts, 7/10",J: Brian Hughes,J: Sam Twiston-Davies
T: Henry De Bromhead,GET STARTED,T: Paul Nolan,"18+. Play Safe. New players using T60 code. Online only. Get £60 bonus split as follows: (i) Deposit £10. Get a £20 Vegas Bonus on selected games (72hr expiry, wagering reqs apply); “(ii) bet £10+ (odds 1/2+) with cash or Vegas winnings (after wager reqs met). Once settled, get 4x£10 sports free bets (valid 7 days, excl. virtual sports). Payment & country restrictions & full T&Cs apply. #ad","No older than nine, 9/10",T: L J Morgan,T: Nigel & Willy Twiston-Davies
6,"18+. New UK customers (Excluding NI) only. Min Deposit £10. Min stake £10. Min odds Evs. Free bet applied on 1st settlement of any qualifying bet. 30 days to qualify. Free bets expire in 7 days. Cashed out/Free Bets won’t apply. Account & Payment method restrictions apply. 1 Free Bet offer per customer, household & IP Address only. T&Cs Apply 18+. IRE/UK online & in-shop for BOYLE Xtra cardholders. Max free bet (FB) £/€10 on losing bets. First bet on first race daily at the Cheltenham Festival (10/3-13/3). Offer live from 2.00pm, 48hrs before each race. Win single & win part e/w single (outright). Antepost/combined odds/multis/free/void/cashed-out bets excluded. FB expires in 7 days. One per customer. Account/payment restrictions. T&Cs apply.",8,GET £50 IN FREE BETS WHEN YOU BET £10,,7,5
11-7,£40 IN FREE BETS WHEN YOU BET £5,10-11,GET STARTED,Other factors,11-0,11-7
135,EXCLUSIVE OFFER,138,"Place a min £10 bet on Sportsbook on odds of min EVS (2.0), get 3x £10 in Free Bet Builders, Accumulators or multiples to use on any sport. Rewards valid for 30 days. Only deposits via Pay by Bank, Apple Pay or Debit Card will qualify. T&Cs apply. Please Gamble Responsibly.",Six winners had previously won at the festival.,141,123
138,New UK customers. Min £10 first deposit. Sign up via the Racing Post link and place a bet of £5 at min odds of min odds of 3.0 and get £40 in Free Bets (£30 Welcome offer + £10 extra) within 48 hours. Restrictions apply. Full T&Cs apply. 18+. BeGambleAware.org.,153,60-1 MAJBOROUGH TO FINISH IN THE TOP 3,"In the past ten years 38 French-breds have run, yielding four wins, nine seconds and six thirds.",156,124
5(0),GET £40 IN FREE BETS + BET £10 GET £10 ON THE FIRST RACE EACH DAY,7(0),GET STARTED,,Predict the winner of Grand Annual Chase,16(0)
1313,GET STARTED,-51184,New customers only. £5 minimum deposit. Bets on Lulamba Top 3 Finish only. First £1 single bet only. 6 x £10 bet tokens. Free bets for horse racing multiples only. Free bet stakes not included in returns. Free bets are non-withdrawable. 7 Day free bet expiry. Eligibility restrictions. Further T&Cs apply. 18+. Gambleaware.org,We have all the best Cheltenham Betting offers ahead of placing your bets on the Champion Chase,Please make a prediction to see the full results,13
Fortune Timmy,"New customers only. 00:00 06/03/26 – 23:59 13/03/26. Register with FRED40, deposit with Debit Card, and place first bet £10+ at Evens (2.0)+ on Sports within 7 days to get £20 in Sports Free Bets & £20 in Acca Free Bets within 24 hours of settlement. 7-day expiry. Eligibility & payment exclusions apply. Full T&Cs apply.",Colonel Mustard,GET £30 IN FREE BETS,WHAT HAPPENED LAST YEAR - CHAMPION CHASE 2025,Make a prediction,Vango Can Go
Select,GET £60 IN FREE BETS WHEN YOU BET £20,Select,GET STARTED,,1st,Select
150/1,GET STARTED,66/1,"Min deposit requirement. Free Bets are paid as Bet Credits and are available for use upon settlement of qualifying bets. Min odds, bet and payment method exclusions apply. Returns exclude Bet Credits stake. Time limits and T&Cs apply.","Marine Nationale ran out a convincing winner of the day two feature last year. The 5-6 favourite Jonbon made a bad mistake at the ninth fence and was on the back foot from that point on. He did well to finish second but there were no dangers to the Barry Connell-trained winner, who scored by 18 lengths under Sean Flanagan.",Be Aware,125/1
J: Freddie Gordon,New customers only. First single & E/W bet only. Odds of 1/1 or greater. 6 X £10 bet tokens. Free bet stakes not included in returns. Free bets for Horse Racing multiples only. Free bets are non withdrawable. Free bets expire after 7 days. Eligibility restrictions and further T&Cs apply.,J: John Shinnick,GET £40 IN FREE BETS,Cheltenham RacesCheltenham OddsCheltenham Tips,2nd,J: Charlie Todd
T: Chris Gordon,GET £40 IN FREE BETS,T: Mrs Lorna Fowler,GET STARTED,TuesdaySupreme Novices' HurdleArkle ChaseFred Winter Juvenile Handicap HurdleUltima Handicap ChaseChampion HurdleTrustATrader Festival Plate HandicapNational Hunt Chase,Vanderpoel,T: Dan Skelton
6,GET STARTED,11,New customers: Deposit £10+ within 7 days and place a sports bet (place element of E/W bets excluded). Min odds apply. Get 4 x £10 Free Bets (each requires 2+ selections). Valid 7 days. Excludes eSports and non-UK/IE horse racing. 18+. T&Cs apply.,WednesdayTurner's Novices' HurdleBrown Advisory Novices' ChaseBetMGM Cup Hurdle (Coral Cup)Glenfarclas Cross Country ChaseChampion ChaseGrand Annual ChaseChampion Bumper,3rd,5
11-7,"New customers online only. Eligibility restrictions apply. Only valid with code B10G40CF on registration. £/€10 min qualifying bet at 1/1 (2.0) odds or greater across sports or racing (if EW then min £10 Win + £10 Place). Receive £/€20 Tote Credit, £/€10 Free Sports Bet and 2 x £/€5 Football Acca within 48 hours of qualifying bet settlement. 7-day expiry on free bets & Tote Credit. Your first bet will be your qualifying bet. One per customer. UK & ROI customers only. 18+. Full T&Cs apply. Gambleaware.org. Full T&Cs apply.",11-7,£40 IN FREE BETS WHEN YOU BET £10,ThursdayMares' Novices' HurdleJack Richards Novices' ChaseMares HurdleStayers' HurdleRyanair ChasePertemps Handicap HurdleKim Muir Handicap Chase,Inthepocket,11-7
132,£40 IN FREE BETS,148,GET STARTED,FridayTriumph HurdleCounty HurdleMares ChaseAlbert Bartlett Novices' HurdleGold CupSt James's Place Hunters' ChaseMartin Pipe Handicap Hurdle,4th,118
137,GET STARTED,158,18+ New Customers only. Available 09:00 16/02/2026 to 23:59 15/03/2026. Certain deposit methods and bet types excl. 1st Deposit & Bet £10+ at min odds 1/2 within 14 days of account reg & get 3x £10 free bets and 2x £5 free bets. Restrictions + T&Cs apply.,facebooktwittersocinstagrammessenger,Jazzy Matty,120
NR(0),"New UK customers. Place a £10 real money bet at min. 2.0 odds within 5 days of first deposit. Receive 4 x £10 Free Bets: 1 Single, 2 Accas (min. 3 selections), 1 Bet Builder (min. 3 selections). Excludes cashout, E/W, Multis & Virtuals. Credited after bet settlement. 7-day expiry. T&Cs apply.",17(0),£40 IN FREE BETS WHEN YOU BET £10,Racing Post backs safer gambling.,5th,10(0)
3-3211,100% Up To £50 Welcome Bonus,-31980,GET STARTED,RAIGGambleAware,Release The Beast,451
Came From Nowhere,GET STARTED,Rambo T,"18+ New UK+ROI Customers only. Certain deposit methods & bet types excl. Min first £/€10 bet within 14 days of account reg at min odds 1/2 to get 3x £/€10 free bets and 2 x £/€5 free bets. Free bets available to use on selected sportsbook markets only. Free bets valid for 7 days, stake not returned. Restrictions + T&Cs apply.",Cookie Preferences,6th,Of Land And Sea
Select,"New players. Choose bonus at signup. Wager bonus 10x. Any withdrawals void bonus. Valid 30 days. Deposit used 1st. Odds, bet & payment limits.T&Cs apply. 18+.",Select,£30 IN FREE BETS,,Ballysax Hank,Select
T: Jeremy Scott,£40 IN FREE BETS WHEN YOU BET £10,100/1,GET STARTED,,7th,125/1
7,GET STARTED,J: Sean Bowen,New UK customers. Min £10 first deposit. Place a bet of £5 at min odds of 2.0 and get £30 in Free Bets within 48 hours. Restrictions apply. Full T&Cs apply. 18+. BeGambleAware.org.,,Relieved Of Duties,J: Richard Condon
11-7,"18+. Play Safe. New players using T60 code. Online only. Get £60 bonus split as follows: (i) Deposit £10. Get a £20 Vegas Bonus on selected games (72hr expiry, wagering reqs apply); “(ii) bet £10+ (odds 1/2+) with cash or Vegas winnings (after wager reqs met). Once settled, get 4x£10 sports free bets (valid 7 days, excl. virtual sports). Payment & country restrictions & full T&Cs apply. #ad",T: Olly Murphy,Cheltenham Festival Tips,,8th,T: Paul Hennessy
132,GET £50 IN FREE BETS WHEN YOU BET £10,9,,,Calico,5
145,GET STARTED,10-13,2026 Cheltenham Festival tips from Racing Post Experts,,9th,11-7
Predict the winner of Turner's Novices' Hurdle,"Place a min £10 bet on Sportsbook on odds of min EVS (2.0), get 3x £10 in Free Bet Builders, Accumulators or multiples to use on any sport. Rewards valid for 30 days. Only deposits via Pay by Bank, Apple Pay or Debit Card will qualify. T&Cs apply. Please Gamble Responsibly.",140,,,Rubaud,119
Please make a prediction to see the full results,60-1 MAJBOROUGH TO FINISH IN THE TOP 3,156,Cross Country Chase Tips,,10th,126
Make a prediction,GET STARTED,18(0),,,Personal Ambition,Predict the winner of Champion Bumper
1st,New customers only. £5 minimum deposit. Bets on Lulamba Top 3 Finish only. First £1 single bet only. 6 x £10 bet tokens. Free bets for horse racing multiples only. Free bet stakes not included in returns. Free bets are non-withdrawable. 7 Day free bet expiry. Eligibility restrictions. Further T&Cs apply. 18+. Gambleaware.org,425-1P,Cheltenham Festival Day 2 Tips,,11th,Please make a prediction to see the full results
No Drama This End,GET £30 IN FREE BETS,Dargiannini,,,Jour d'Evasion,Make a prediction
2nd,GET STARTED,Select,All Cheltenham Festival Tips,,12th,1st
Sober,"Min deposit requirement. Free Bets are paid as Bet Credits and are available for use upon settlement of qualifying bets. Min odds, bet and payment method exclusions apply. Returns exclude Bet Credits stake. Time limits and T&Cs apply.",125/1,CROSS COUNTRY CHASE PREVIOUS WINNERS,,Western Diego,Love Sign d'Aunou
3rd,GET £40 IN FREE BETS,J: Paul O'Brien,Year,,13th,2nd
Ballyfad,GET STARTED,T: Harry Derham,2025,,The Other Mozzie,Keep Him Company
4th,New customers: Deposit £10+ within 7 days and place a sports bet (place element of E/W bets excluded). Min odds apply. Get 4 x £10 Free Bets (each requires 2+ selections). Valid 7 days. Excludes eSports and non-UK/IE horse racing. 18+. T&Cs apply.,11,2024,,14th,3rd
Skylight Hustle,£40 IN FREE BETS WHEN YOU BET £10,10-13,2023,,Jasko Des Dames,The Irish Avatar
5th,GET STARTED,140,2022,,15th,4th
King Rasko Grey,18+ New Customers only. Available 09:00 16/02/2026 to 23:59 15/03/2026. Certain deposit methods and bet types excl. 1st Deposit & Bet £10+ at min odds 1/2 within 14 days of account reg & get 3x £10 free bets and 2x £5 free bets. Restrictions + T&Cs apply.,154,2021,,Addragoole,Bass Hunter
6th,£40 IN FREE BETS WHEN YOU BET £10,22(0),2020,,16th,5th
Act Of Innocence,GET STARTED,0-1284,2019,,Break My Soul,The Mourne Rambler
7th,"18+ New UK+ROI Customers only. Certain deposit methods & bet types excl. Min first £/€10 bet within 14 days of account reg at min odds 1/2 to get 3x £/€10 free bets and 2 x £/€5 free bets. Free bets available to use on selected sportsbook markets only. Free bets valid for 7 days, stake not returned. Restrictions + T&Cs apply.",Minella Rescue,2018,,17th,6th
Bossman Jack,£30 IN FREE BETS,Select,2017,,Boothill,Quiryn
8th,GET STARTED,125/1,2016,,18th,7th
I'll Sort That,New UK customers. Min £10 first deposit. Place a bet of £5 at min odds of 2.0 and get £30 in Free Bets within 48 hours. Restrictions apply. Full T&Cs apply. 18+. BeGambleAware.org.,J: Gavin Sheehan,2015,,Special Cadeau,Broadway Ted
9th,Cheltenham Festival Tips,T: Gary Hanmer,CROSS COUNTRY CHASE KEY TRENDS AND STATS,,19th,8th
Shuttle Diplomacy,,8,,,Touch Me Not,Our Trigger
10th,2026 Cheltenham Festival tips from Racing Post Experts,10-12,Key trends,,20th,9th
Sortudo,,139,"Won over at least 3m, 10/10",,Martator,It's Only A Game
11th,Brown Advisory Novices’ Chase Tips,154,"At least 14 chase runs, 9/10",,RACING POST TIP,10th
Taurus Bay,,Predict the winner of BetMGM Cup Hurdle (Coral Cup),"Trained in Ireland, 8/10",,Relieved Of Duties,Charismatic Kid
12th,Cheltenham Festival Day 2 Tips,Please make a prediction to see the full results,"Top-three finish within last two completed starts, 9/10",,"Last year's winner Jazzy Matty is 2-2 at the Cheltenham Festival and has to be feared but RELIEVED OF DUTIES is the selection now that he is back on better ground. He was runner-up in a C&D novice on good to soft going in October and that performance reads well in today's context. The 10yo Calico has thrived this season and is third choice, while his stablemate Be Aware and Irish contenders Inthepocket and Addragoole are others to consider.",11th
Hurricane Pat,,Make a prediction,"Won or placed in a cross country race at Cheltenham or Punchestown, 7/10",,Cheltenham Free Bets,Mets Ta Ceinture
13th,All Cheltenham Festival Tips,1st,,,GET £60 IN FREE BETS WHEN YOU BET £10,12th
Walks In June,BROWN ADVISORY NOVICES CHASE PREVIOUS WINNERS,Storm Heart,Other factors,,GET STARTED,The Wager
14th,Year,2nd,Eight of the last winners were owned by Gigginstown (five) or J P McManus (three).,,"Place a min £10 bet on Sportsbook on Cheltenham on odds of min EVS (2.0), get 6x £10 in Free Bet Builders, Accumulators or multiples to use on any sport. Rewards valid for 30 days. Only deposits via Pay by Bank, Apple Pay or Debit Card will qualify. T&Cs apply. Please Gamble Responsibly.",13th
Came From Nowhere,2025,Kateira,"Only ten British-trained runners have made the first four, although in 2014 the home team had the first, second and fourth.",,"£40 IN FREE BETS + Money Back All Losers - First Race, Every Day - Cheltenham",Chicker
15th,2024,3rd,Ireland has had the first four on three occasions and in 2009 had the first nine.,,GET STARTED,14th
Saint Baco,2023,Jingko Blue,,,"18+. New UK customers (Excluding NI) only. Min Deposit £10. Min stake £10. Min odds Evs. Free bet applied on 1st settlement of any qualifying bet. 30 days to qualify. Free bets expire in 7 days. Cashed out/Free Bets won’t apply. Account & Payment method restrictions apply. 1 Free Bet offer per customer, household & IP Address only. T&Cs Apply 18+. IRE/UK online & in-shop for BOYLE Xtra cardholders. Max free bet (FB) £/€10 on losing bets. First bet on first race daily at the Cheltenham Festival (10/3-13/3). Offer live from 2.00pm, 48hrs before each race. Win single & win part e/w single (outright). Antepost/combined odds/multis/free/void/cashed-out bets excluded. FB expires in 7 days. One per customer. Account/payment restrictions. T&Cs apply.",Boycetown
16th,2022,4th,Check out all of our latest Cheltenham Free Bets ahead of placing your bets on the 2024 Cross Country Chase,,£40 IN FREE BETS WHEN YOU BET £5,15th
Klimt Madrik,2021,Iberico Lord,WHAT HAPPENED LAST YEAR - CROSS COUNTRY CHASE 2025,,EXCLUSIVE OFFER,Tally Ho Back
17th,2020,5th,,,New UK customers. Min £10 first deposit. Sign up via the Racing Post link and place a bet of £5 at min odds of min odds of 3.0 and get £40 in Free Bets (£30 Welcome offer + £10 extra) within 48 hours. Restrictions apply. Full T&Cs apply. 18+. BeGambleAware.org.,16th
Fortune Timmy,2019,The Yellow Clay,Stumptown became the third winning favourite on the bounce in the Cross Country Chase. Gavin Cromwell’s eight-year-old arrived on the back of a handicap win over these fences in December and defied a 8lb rise for that success. He boosted Keith Donoghue’s top record in the race – he has now ridden five of the last seven winners.,,GET £40 IN FREE BETS + BET £10 GET £10 ON THE FIRST RACE EACH DAY,Diamant Dore
18th,2018,6th,Cheltenham RacesCheltenham OddsCheltenham Tips,,GET STARTED,17th
Laurets d'Estruval,2017,Kopeck De Mee,TuesdaySupreme Novices' HurdleArkle ChaseFred Winter Juvenile Handicap HurdleUltima Handicap ChaseChampion HurdleTrustATrader Festival Plate HandicapNational Hunt Chase,,"New customers only. 00:00 06/03/26 – 23:59 13/03/26. Register with FRED40, deposit with Debit Card, and place first bet £10+ at Evens (2.0)+ on Sports within 7 days to get £20 in Sports Free Bets & £20 in Acca Free Bets within 24 hours of settlement. 7-day expiry. Eligibility & payment exclusions apply. Full T&Cs apply.",Moonverrin
19th,2016,7th,WednesdayTurner's Novices' HurdleBrown Advisory Novices' ChaseBetMGM Cup Hurdle (Coral Cup)Glenfarclas Cross Country ChaseChampion ChaseGrand Annual ChaseChampion Bumper,,GET £60 IN FREE BETS WHEN YOU BET £20,18th
Soldier Reeves,2015,Guard Duty,ThursdayMares' Novices' HurdleJack Richards Novices' ChaseMares HurdleStayers' HurdleRyanair ChasePertemps Handicap HurdleKim Muir Handicap Chase,,GET STARTED,Wilde's Legacy
20th,BROWN ADVISORY NOVICES CHASE KEY TRENDS AND STATS,8th,FridayTriumph HurdleCounty HurdleMares ChaseAlbert Bartlett Novices' HurdleGold CupSt James's Place Hunters' ChaseMartin Pipe Handicap Hurdle,,New customers only. First single & E/W bet only. Odds of 1/1 or greater. 6 X £10 bet tokens. Free bet stakes not included in returns. Free bets for Horse Racing multiples only. Free bets are non withdrawable. Free bets expire after 7 days. Eligibility restrictions and further T&Cs apply.,19th
Riskaway,,Puturhandstogether,facebooktwittersocinstagrammessenger,,GET £40 IN FREE BETS,Of Land And Sea
21st,Key trends,9th,Racing Post backs safer gambling.,,GET STARTED,20th
Free Spirit,"Contested a Graded chase, 10/10 (six won)",Forty Coats,RAIGGambleAware,,"New customers online only. Eligibility restrictions apply. Only valid with code B10G40CF on registration. £/€10 min qualifying bet at 1/1 (2.0) odds or greater across sports or racing (if EW then min £10 Win + £10 Place). Receive £/€20 Tote Credit, £/€10 Free Sports Bet and 2 x £/€5 Football Acca within 48 hours of qualifying bet settlement. 7-day expiry on free bets & Tote Credit. Your first bet will be your qualifying bet. One per customer. UK & ROI customers only. 18+. Full T&Cs apply. Gambleaware.org. Full T&Cs apply.",With Nolimit
22nd,"Top-two finish last time out, 9/10 (exception fell)",10th,Cookie Preferences,,£40 IN FREE BETS,21st
Zeus Power,"Six to 12 hurdle and chase runs, 8/10",Ballyadam,,,GET STARTED,The Skecher
RACING POST TIP,"Aged seven or eight, 9/10",11th,,,"New UK customers. Place a £10 real money bet at min. 2.0 odds within 5 days of first deposit. Receive 4 x £10 Free Bets: 1 Single, 2 Accas (min. 3 selections), 1 Bet Builder (min. 3 selections). Excludes cashout, E/W, Multis & Virtuals. Credited after bet settlement. 7-day expiry. T&Cs apply.",22nd
Ballyfad,"Adjusted RPR of at least 165, 9/10",Lucky Place,,,100% Up To £50 Welcome Bonus,Vango Can Go
"The biggest field for many a year and Paul Nicholls' Grade 1 winner No Drama This End (second choice) heads the home defence, with that highly promising novice ably assisted by Act Of Innocence and Bossman Jack. He looks sure to make a serious bid but the Irish visitors hold a strong hand and the vote goes to BALLYFAD who mastered King Rasko Grey at Leopardstown over Christmas before being picked off on the line. He doesn't have that race's winner to worry about this time and promises to be suited by this step up in trip. Stablemate Skylight Hustle also needs a close look, while I'll Sort That is likely to have his game face on and should give his supporters a run for their money. Group-class Flat horse Sober, unbeaten in two starts over hurdles, adds a fascinating extra dimension.","Rated within 5lb of RPR top-rated, 9/10",12th,,,GET STARTED,RACING POST TIP
Cheltenham Free Bets,"Ran three to five times over fences, 8/10",Bunting,,,"New players. Choose bonus at signup. Wager bonus 10x. Any withdrawals void bonus. Valid 30 days. Deposit used 1st. Odds, bet & payment limits.T&Cs apply. 18+.",Bass Hunter
GET £60 IN FREE BETS WHEN YOU BET £10,,13th,,,£40 IN FREE BETS WHEN YOU BET £10,"For all that it's a dangerous game taking on the Irish when they have won 26 of the 33 runnings, BASS HUNTER might be as special as his trainer Chris Gordon has been telling everyone. He was clinging on at Ascot last time but no wonder after he was so far clear for so long, and he must have some engine. In a race that can be steadily run, some controlled aggression at the head of affairs could be his trump card. Unlike some of those ahead of him in the betting, he is also a Listed winner, and eight of the last ten winners had those or Graded honours to their names. Willie Mullins is responsible for the lion's share of Ireland's victories and his typically stocked-up squad is seemingly spearheaded by Love Sign d'Aunou, who hinted at star potential in winning his only bumper in a breeze. Gordon Elliott has made no bones about it that Keep Him Company is his best chance, while The Mourne Rambler (second choice) has to be feared when he looked so good at Leopardstown and he is blessed with the assistance of stellar Flat jockey Colin Keane."
GET STARTED,Other factors,Farren Glory,,,GET STARTED,Cheltenham Free Bets
"Place a min £10 bet on Sportsbook on Cheltenham on odds of min EVS (2.0), get 6x £10 in Free Bet Builders, Accumulators or multiples to use on any sport. Rewards valid for 30 days. Only deposits via Pay by Bank, Apple Pay or Debit Card will qualify. T&Cs apply. Please Gamble Responsibly.","Of the combined 40 chase starts of winners, only 2016 scorer Blaklion had finished outside the first three when completing (five had fallen).",14th,,,"18+. Play Safe. New players using T60 code. Online only. Get £60 bonus split as follows: (i) Deposit £10. Get a £20 Vegas Bonus on selected games (72hr expiry, wagering reqs apply); “(ii) bet £10+ (odds 1/2+) with cash or Vegas winnings (after wager reqs met). Once settled, get 4x£10 sports free bets (valid 7 days, excl. virtual sports). Payment & country restrictions & full T&Cs apply. #ad",GET £60 IN FREE BETS WHEN YOU BET £10
"£40 IN FREE BETS + Money Back All Losers - First Race, Every Day - Cheltenham","Seven winners had previously run at the festival – four in the Albert Bartlett, one in the Ballymore, one in the Pertemps Final, one in the Coral Cup and two in the Champion Bumper.",Colonel Mustard,,,GET £50 IN FREE BETS WHEN YOU BET £10,GET STARTED
GET STARTED,,15th,,,GET STARTED,"Place a min £10 bet on Sportsbook on Cheltenham on odds of min EVS (2.0), get 6x £10 in Free Bet Builders, Accumulators or multiples to use on any sport. Rewards valid for 30 days. Only deposits via Pay by Bank, Apple Pay or Debit Card will qualify. T&Cs apply. Please Gamble Responsibly."
"18+. New UK customers (Excluding NI) only. Min Deposit £10. Min stake £10. Min odds Evs. Free bet applied on 1st settlement of any qualifying bet. 30 days to qualify. Free bets expire in 7 days. Cashed out/Free Bets won’t apply. Account & Payment method restrictions apply. 1 Free Bet offer per customer, household & IP Address only. T&Cs Apply 18+. IRE/UK online & in-shop for BOYLE Xtra cardholders. Max free bet (FB) £/€10 on losing bets. First bet on first race daily at the Cheltenham Festival (10/3-13/3). Offer live from 2.00pm, 48hrs before each race. Win single & win part e/w single (outright). Antepost/combined odds/multis/free/void/cashed-out bets excluded. FB expires in 7 days. One per customer. Account/payment restrictions. T&Cs apply.",We have all the best Cheltenham Betting offers ahead of placing your bets on the Brown Advisory Novices' Chase,Sony Bill,,,"Place a min £10 bet on Sportsbook on odds of min EVS (2.0), get 3x £10 in Free Bet Builders, Accumulators or multiples to use on any sport. Rewards valid for 30 days. Only deposits via Pay by Bank, Apple Pay or Debit Card will qualify. T&Cs apply. Please Gamble Responsibly.","£40 IN FREE BETS + Money Back All Losers - First Race, Every Day - Cheltenham"
£40 IN FREE BETS WHEN YOU BET £5,WHAT HAPPENED LAST YEAR - BROWN ADVISORY NOVICES CHASE 2025,16th,,,60-1 MAJBOROUGH TO FINISH IN THE TOP 3,GET STARTED
EXCLUSIVE OFFER,,Chart Topper,,,GET STARTED,"18+. New UK customers (Excluding NI) only. Min Deposit £10. Min stake £10. Min odds Evs. Free bet applied on 1st settlement of any qualifying bet. 30 days to qualify. Free bets expire in 7 days. Cashed out/Free Bets won’t apply. Account & Payment method restrictions apply. 1 Free Bet offer per customer, household & IP Address only. T&Cs Apply 18+. IRE/UK online & in-shop for BOYLE Xtra cardholders. Max free bet (FB) £/€10 on losing bets. First bet on first race daily at the Cheltenham Festival (10/3-13/3). Offer live from 2.00pm, 48hrs before each race. Win single & win part e/w single (outright). Antepost/combined odds/multis/free/void/cashed-out bets excluded. FB expires in 7 days. One per customer. Account/payment restrictions. T&Cs apply."
New UK customers. Min £10 first deposit. Sign up via the Racing Post link and place a bet of £5 at min odds of min odds of 3.0 and get £40 in Free Bets (£30 Welcome offer + £10 extra) within 48 hours. Restrictions apply. Full T&Cs apply. 18+. BeGambleAware.org.,"Willie Mullins collected the trophy for the Brown Advisory but not with the horse many expected to win. Mullins saddled four of the seven runners, including the 4-7 favourite Ballyburn, who pulled hard and could only finish fifth. Mullins was successful with the 20-1 chance Lecky Watson, who stayed on well under Sean O’Keeffe to score by four lengths.",17th,,,New customers only. £5 minimum deposit. Bets on Lulamba Top 3 Finish only. First £1 single bet only. 6 x £10 bet tokens. Free bets for horse racing multiples only. Free bet stakes not included in returns. Free bets are non-withdrawable. 7 Day free bet expiry. Eligibility restrictions. Further T&Cs apply. 18+. Gambleaware.org,£40 IN FREE BETS WHEN YOU BET £5
GET £40 IN FREE BETS + BET £10 GET £10 ON THE FIRST RACE EACH DAY,Cheltenham RacesCheltenham OddsCheltenham Tips,Minella Rescue,,,GET £30 IN FREE BETS,EXCLUSIVE OFFER
GET STARTED,TuesdaySupreme Novices' HurdleArkle ChaseFred Winter Juvenile Handicap HurdleUltima Handicap ChaseChampion HurdleTrustATrader Festival Plate HandicapNational Hunt Chase,18th,,,GET STARTED,New UK customers. Min £10 first deposit. Sign up via the Racing Post link and place a bet of £5 at min odds of min odds of 3.0 and get £40 in Free Bets (£30 Welcome offer + £10 extra) within 48 hours. Restrictions apply. Full T&Cs apply. 18+. BeGambleAware.org.
"New customers only. 00:00 06/03/26 – 23:59 13/03/26. Register with FRED40, deposit with Debit Card, and place first bet £10+ at Evens (2.0)+ on Sports within 7 days to get £20 in Sports Free Bets & £20 in Acca Free Bets within 24 hours of settlement. 7-day expiry. Eligibility & payment exclusions apply. Full T&Cs apply.",WednesdayTurner's Novices' HurdleBrown Advisory Novices' ChaseBetMGM Cup Hurdle (Coral Cup)Glenfarclas Cross Country ChaseChampion ChaseGrand Annual ChaseChampion Bumper,Buddy One,,,"Min deposit requirement. Free Bets are paid as Bet Credits and are available for use upon settlement of qualifying bets. Min odds, bet and payment method exclusions apply. Returns exclude Bet Credits stake. Time limits and T&Cs apply.",GET £40 IN FREE BETS + BET £10 GET £10 ON THE FIRST RACE EACH DAY
GET £60 IN FREE BETS WHEN YOU BET £20,ThursdayMares' Novices' HurdleJack Richards Novices' ChaseMares HurdleStayers' HurdleRyanair ChasePertemps Handicap HurdleKim Muir Handicap Chase,19th,,,GET £40 IN FREE BETS,GET STARTED
GET STARTED,FridayTriumph HurdleCounty HurdleMares ChaseAlbert Bartlett Novices' HurdleGold CupSt James's Place Hunters' ChaseMartin Pipe Handicap Hurdle,Give It To Me Oj,,,GET STARTED,"New customers only. 00:00 06/03/26 – 23:59 13/03/26. Register with FRED40, deposit with Debit Card, and place first bet £10+ at Evens (2.0)+ on Sports within 7 days to get £20 in Sports Free Bets & £20 in Acca Free Bets within 24 hours of settlement. 7-day expiry. Eligibility & payment exclusions apply. Full T&Cs apply."
New customers only. First single & E/W bet only. Odds of 1/1 or greater. 6 X £10 bet tokens. Free bet stakes not included in returns. Free bets for Horse Racing multiples only. Free bets are non withdrawable. Free bets expire after 7 days. Eligibility restrictions and further T&Cs apply.,facebooktwittersocinstagrammessenger,20th,,,New customers: Deposit £10+ within 7 days and place a sports bet (place element of E/W bets excluded). Min odds apply. Get 4 x £10 Free Bets (each requires 2+ selections). Valid 7 days. Excludes eSports and non-UK/IE horse racing. 18+. T&Cs apply.,GET £60 IN FREE BETS WHEN YOU BET £20
GET £40 IN FREE BETS,Racing Post backs safer gambling.,HMS Seahorse,,,£40 IN FREE BETS WHEN YOU BET £10,GET STARTED
GET STARTED,RAIGGambleAware,21st,,,GET STARTED,New customers only. First single & E/W bet only. Odds of 1/1 or greater. 6 X £10 bet tokens. Free bet stakes not included in returns. Free bets for Horse Racing multiples only. Free bets are non withdrawable. Free bets expire after 7 days. Eligibility restrictions and further T&Cs apply.
"New customers online only. Eligibility restrictions apply. Only valid with code B10G40CF on registration. £/€10 min qualifying bet at 1/1 (2.0) odds or greater across sports or racing (if EW then min £10 Win + £10 Place). Receive £/€20 Tote Credit, £/€10 Free Sports Bet and 2 x £/€5 Football Acca within 48 hours of qualifying bet settlement. 7-day expiry on free bets & Tote Credit. Your first bet will be your qualifying bet. One per customer. UK & ROI customers only. 18+. Full T&Cs apply. Gambleaware.org. Full T&Cs apply.",Cookie Preferences,Franciscan Rock,,,18+ New Customers only. Available 09:00 16/02/2026 to 23:59 15/03/2026. Certain deposit methods and bet types excl. 1st Deposit & Bet £10+ at min odds 1/2 within 14 days of account reg & get 3x £10 free bets and 2x £5 free bets. Restrictions + T&Cs apply.,GET £40 IN FREE BETS
£40 IN FREE BETS,,22nd,,,£40 IN FREE BETS WHEN YOU BET £10,GET STARTED
GET STARTED,,Dargiannini,,,GET STARTED,"New customers online only. Eligibility restrictions apply. Only valid with code B10G40CF on registration. £/€10 min qualifying bet at 1/1 (2.0) odds or greater across sports or racing (if EW then min £10 Win + £10 Place). Receive £/€20 Tote Credit, £/€10 Free Sports Bet and 2 x £/€5 Football Acca within 48 hours of qualifying bet settlement. 7-day expiry on free bets & Tote Credit. Your first bet will be your qualifying bet. One per customer. UK & ROI customers only. 18+. Full T&Cs apply. Gambleaware.org. Full T&Cs apply."
"New UK customers. Place a £10 real money bet at min. 2.0 odds within 5 days of first deposit. Receive 4 x £10 Free Bets: 1 Single, 2 Accas (min. 3 selections), 1 Bet Builder (min. 3 selections). Excludes cashout, E/W, Multis & Virtuals. Credited after bet settlement. 7-day expiry. T&Cs apply.",,23rd,,,"18+ New UK+ROI Customers only. Certain deposit methods & bet types excl. Min first £/€10 bet within 14 days of account reg at min odds 1/2 to get 3x £/€10 free bets and 2 x £/€5 free bets. Free bets available to use on selected sportsbook markets only. Free bets valid for 7 days, stake not returned. Restrictions + T&Cs apply.",£40 IN FREE BETS
100% Up To £50 Welcome Bonus,,Rambo T,,,£30 IN FREE BETS,GET STARTED
GET STARTED,,24th,,,GET STARTED,"New UK customers. Place a £10 real money bet at min. 2.0 odds within 5 days of first deposit. Receive 4 x £10 Free Bets: 1 Single, 2 Accas (min. 3 selections), 1 Bet Builder (min. 3 selections). Excludes cashout, E/W, Multis & Virtuals. Credited after bet settlement. 7-day expiry. T&Cs apply."
"New players. Choose bonus at signup. Wager bonus 10x. Any withdrawals void bonus. Valid 30 days. Deposit used 1st. Odds, bet & payment limits.T&Cs apply. 18+.",,Beckett Rock,,,New UK customers. Min £10 first deposit. Place a bet of £5 at min odds of 2.0 and get £30 in Free Bets within 48 hours. Restrictions apply. Full T&Cs apply. 18+. BeGambleAware.org.,100% Up To £50 Welcome Bonus
£40 IN FREE BETS WHEN YOU BET £10,,RACING POST TIP,,,Cheltenham Festival Tips,GET STARTED
GET STARTED,,Storm Heart,,,,"New players. Choose bonus at signup. Wager bonus 10x. Any withdrawals void bonus. Valid 30 days. Deposit used 1st. Odds, bet & payment limits.T&Cs apply. 18+."
"18+. Play Safe. New players using T60 code. Online only. Get £60 bonus split as follows: (i) Deposit £10. Get a £20 Vegas Bonus on selected games (72hr expiry, wagering reqs apply); “(ii) bet £10+ (odds 1/2+) with cash or Vegas winnings (after wager reqs met). Once settled, get 4x£10 sports free bets (valid 7 days, excl. virtual sports). Payment & country restrictions & full T&Cs apply. #ad",,"The top stables look set to dominate again and STORM HEART (nap) for Willie Mullins makes particularly strong appeal, based on plenty of criteria. High-profile Kopeck De Mee has blown out twice and gone close once in his three starts for the same yard, and the same owner's Puturhandstogether brings a more enticing record, over shorter trips admittedly but he is feared most, narrowly ahead of Jingko Blue who may prove best of a strong Henderson team which also includes Iberico Lord. The mare Kateira is understandably prominent in the betting seeing as she represents Dan Skelton, while the exploits of Gordon Elliott's topweight The Yellow Clay cannot yet be forgotten.",,,2026 Cheltenham Festival tips from Racing Post Experts,£40 IN FREE BETS WHEN YOU BET £10
GET £50 IN FREE BETS WHEN YOU BET £10,,Cheltenham Free Bets,,,,GET STARTED
GET STARTED,,GET £60 IN FREE BETS WHEN YOU BET £10,,,Grand Annual Chase Tips,"18+. Play Safe. New players using T60 code. Online only. Get £60 bonus split as follows: (i) Deposit £10. Get a £20 Vegas Bonus on selected games (72hr expiry, wagering reqs apply); “(ii) bet £10+ (odds 1/2+) with cash or Vegas winnings (after wager reqs met). Once settled, get 4x£10 sports free bets (valid 7 days, excl. virtual sports). Payment & country restrictions & full T&Cs apply. #ad"
"Place a min £10 bet on Sportsbook on odds of min EVS (2.0), get 3x £10 in Free Bet Builders, Accumulators or multiples to use on any sport. Rewards valid for 30 days. Only deposits via Pay by Bank, Apple Pay or Debit Card will qualify. T&Cs apply. Please Gamble Responsibly.",,GET STARTED,,,,GET £50 IN FREE BETS WHEN YOU BET £10
60-1 MAJBOROUGH TO FINISH IN THE TOP 3,,"Place a min £10 bet on Sportsbook on Cheltenham on odds of min EVS (2.0), get 6x £10 in Free Bet Builders, Accumulators or multiples to use on any sport. Rewards valid for 30 days. Only deposits via Pay by Bank, Apple Pay or Debit Card will qualify. T&Cs apply. Please Gamble Responsibly.",,,Cheltenham Festival Day 2 Tips,GET STARTED
GET STARTED,,"£40 IN FREE BETS + Money Back All Losers - First Race, Every Day - Cheltenham",,,,"Place a min £10 bet on Sportsbook on odds of min EVS (2.0), get 3x £10 in Free Bet Builders, Accumulators or multiples to use on any sport. Rewards valid for 30 days. Only deposits via Pay by Bank, Apple Pay or Debit Card will qualify. T&Cs apply. Please Gamble Responsibly."
New customers only. £5 minimum deposit. Bets on Lulamba Top 3 Finish only. First £1 single bet only. 6 x £10 bet tokens. Free bets for horse racing multiples only. Free bet stakes not included in returns. Free bets are non-withdrawable. 7 Day free bet expiry. Eligibility restrictions. Further T&Cs apply. 18+. Gambleaware.org,,GET STARTED,,,All Cheltenham Festival Tips,60-1 MAJBOROUGH TO FINISH IN THE TOP 3
GET £30 IN FREE BETS,,"18+. New UK customers (Excluding NI) only. Min Deposit £10. Min stake £10. Min odds Evs. Free bet applied on 1st settlement of any qualifying bet. 30 days to qualify. Free bets expire in 7 days. Cashed out/Free Bets won’t apply. Account & Payment method restrictions apply. 1 Free Bet offer per customer, household & IP Address only. T&Cs Apply 18+. IRE/UK online & in-shop for BOYLE Xtra cardholders. Max free bet (FB) £/€10 on losing bets. First bet on first race daily at the Cheltenham Festival (10/3-13/3). Offer live from 2.00pm, 48hrs before each race. Win single & win part e/w single (outright). Antepost/combined odds/multis/free/void/cashed-out bets excluded. FB expires in 7 days. One per customer. Account/payment restrictions. T&Cs apply.",,,GRAND ANNUAL PREVIOUS WINNERS,GET STARTED
GET STARTED,,£40 IN FREE BETS WHEN YOU BET £5,,,,New customers only. £5 minimum deposit. Bets on Lulamba Top 3 Finish only. First £1 single bet only. 6 x £10 bet tokens. Free bets for horse racing multiples only. Free bet stakes not included in returns. Free bets are non-withdrawable. 7 Day free bet expiry. Eligibility restrictions. Further T&Cs apply. 18+. Gambleaware.org
"Min deposit requirement. Free Bets are paid as Bet Credits and are available for use upon settlement of qualifying bets. Min odds, bet and payment method exclusions apply. Returns exclude Bet Credits stake. Time limits and T&Cs apply.",,EXCLUSIVE OFFER,,,<,GET £30 IN FREE BETS
GET £40 IN FREE BETS,,New UK customers. Min £10 first deposit. Sign up via the Racing Post link and place a bet of £5 at min odds of min odds of 3.0 and get £40 in Free Bets (£30 Welcome offer + £10 extra) within 48 hours. Restrictions apply. Full T&Cs apply. 18+. BeGambleAware.org.,,,,GET STARTED
GET STARTED,,GET £40 IN FREE BETS + BET £10 GET £10 ON THE FIRST RACE EACH DAY,,,Year,"Min deposit requirement. Free Bets are paid as Bet Credits and are available for use upon settlement of qualifying bets. Min odds, bet and payment method exclusions apply. Returns exclude Bet Credits stake. Time limits and T&Cs apply."
New customers: Deposit £10+ within 7 days and place a sports bet (place element of E/W bets excluded). Min odds apply. Get 4 x £10 Free Bets (each requires 2+ selections). Valid 7 days. Excludes eSports and non-UK/IE horse racing. 18+. T&Cs apply.,,GET STARTED,,,2025,GET £40 IN FREE BETS
£40 IN FREE BETS WHEN YOU BET £10,,"New customers only. 00:00 06/03/26 – 23:59 13/03/26. Register with FRED40, deposit with Debit Card, and place first bet £10+ at Evens (2.0)+ on Sports within 7 days to get £20 in Sports Free Bets & £20 in Acca Free Bets within 24 hours of settlement. 7-day expiry. Eligibility & payment exclusions apply. Full T&Cs apply.",,,2024,GET STARTED
GET STARTED,,GET £60 IN FREE BETS WHEN YOU BET £20,,,2023,New customers: Deposit £10+ within 7 days and place a sports bet (place element of E/W bets excluded). Min odds apply. Get 4 x £10 Free Bets (each requires 2+ selections). Valid 7 days. Excludes eSports and non-UK/IE horse racing. 18+. T&Cs apply.
18+ New Customers only. Available 09:00 16/02/2026 to 23:59 15/03/2026. Certain deposit methods and bet types excl. 1st Deposit & Bet £10+ at min odds 1/2 within 14 days of account reg & get 3x £10 free bets and 2x £5 free bets. Restrictions + T&Cs apply.,,GET STARTED,,,2022,£40 IN FREE BETS WHEN YOU BET £10
£40 IN FREE BETS WHEN YOU BET £10,,New customers only. First single & E/W bet only. Odds of 1/1 or greater. 6 X £10 bet tokens. Free bet stakes not included in returns. Free bets for Horse Racing multiples only. Free bets are non withdrawable. Free bets expire after 7 days. Eligibility restrictions and further T&Cs apply.,,,2021,GET STARTED
GET STARTED,,GET £40 IN FREE BETS,,,2020,18+ New Customers only. Available 09:00 16/02/2026 to 23:59 15/03/2026. Certain deposit methods and bet types excl. 1st Deposit & Bet £10+ at min odds 1/2 within 14 days of account reg & get 3x £10 free bets and 2x £5 free bets. Restrictions + T&Cs apply.
"18+ New UK+ROI Customers only. Certain deposit methods & bet types excl. Min first £/€10 bet within 14 days of account reg at min odds 1/2 to get 3x £/€10 free bets and 2 x £/€5 free bets. Free bets available to use on selected sportsbook markets only. Free bets valid for 7 days, stake not returned. Restrictions + T&Cs apply.",,GET STARTED,,,2019,£40 IN FREE BETS WHEN YOU BET £10
£30 IN FREE BETS,,"New customers online only. Eligibility restrictions apply. Only valid with code B10G40CF on registration. £/€10 min qualifying bet at 1/1 (2.0) odds or greater across sports or racing (if EW then min £10 Win + £10 Place). Receive £/€20 Tote Credit, £/€10 Free Sports Bet and 2 x £/€5 Football Acca within 48 hours of qualifying bet settlement. 7-day expiry on free bets & Tote Credit. Your first bet will be your qualifying bet. One per customer. UK & ROI customers only. 18+. Full T&Cs apply. Gambleaware.org. Full T&Cs apply.",,,2018,GET STARTED
GET STARTED,,£40 IN FREE BETS,,,2017,"18+ New UK+ROI Customers only. Certain deposit methods & bet types excl. Min first £/€10 bet within 14 days of account reg at min odds 1/2 to get 3x £/€10 free bets and 2 x £/€5 free bets. Free bets available to use on selected sportsbook markets only. Free bets valid for 7 days, stake not returned. Restrictions + T&Cs apply."
New UK customers. Min £10 first deposit. Place a bet of £5 at min odds of 2.0 and get £30 in Free Bets within 48 hours. Restrictions apply. Full T&Cs apply. 18+. BeGambleAware.org.,,GET STARTED,,,2016,£30 IN FREE BETS
Cheltenham Festival Tips,,"New UK customers. Place a £10 real money bet at min. 2.0 odds within 5 days of first deposit. Receive 4 x £10 Free Bets: 1 Single, 2 Accas (min. 3 selections), 1 Bet Builder (min. 3 selections). Excludes cashout, E/W, Multis & Virtuals. Credited after bet settlement. 7-day expiry. T&Cs apply.",,,2015,GET STARTED
,,100% Up To £50 Welcome Bonus,,,GRAND ANNUAL KEY TRENDS AND STATS,New UK customers. Min £10 first deposit. Place a bet of £5 at min odds of 2.0 and get £30 in Free Bets within 48 hours. Restrictions apply. Full T&Cs apply. 18+. BeGambleAware.org.
2026 Cheltenham Festival tips from Racing Post Experts,,GET STARTED,,,,Cheltenham Festival Tips
,,"New players. Choose bonus at signup. Wager bonus 10x. Any withdrawals void bonus. Valid 30 days. Deposit used 1st. Odds, bet & payment limits.T&Cs apply. 18+.",,,Key trends,
Turner’s Novices’ Hurdle Tips,,£40 IN FREE BETS WHEN YOU BET £10,,,"Distance winner, 9/10",2026 Cheltenham Festival tips from Racing Post Experts
,,GET STARTED,,,"Carried no more than 11st 6lb, 9/10",
Cheltenham Festival Day 2 Tips,,"18+. Play Safe. New players using T60 code. Online only. Get £60 bonus split as follows: (i) Deposit £10. Get a £20 Vegas Bonus on selected games (72hr expiry, wagering reqs apply); “(ii) bet £10+ (odds 1/2+) with cash or Vegas winnings (after wager reqs met). Once settled, get 4x£10 sports free bets (valid 7 days, excl. virtual sports). Payment & country restrictions & full T&Cs apply. #ad",,,"Top-three finish on at least one of last two starts, 9/10",Champion Bumper Tips
,,GET £50 IN FREE BETS WHEN YOU BET £10,,,"Aged nine or under, 8/10",
All Cheltenham Festival Tips,,GET STARTED,,,"No more than 11 runs over fences, 8/10",Cheltenham Festival Day 2 Tips
TURNER'S NOVICES' HURDLE PREVIOUS WINNERS,,"Place a min £10 bet on Sportsbook on odds of min EVS (2.0), get 3x £10 in Free Bet Builders, Accumulators or multiples to use on any sport. Rewards valid for 30 days. Only deposits via Pay by Bank, Apple Pay or Debit Card will qualify. T&Cs apply. Please Gamble Responsibly.",,,"Had run at a previous festival, 7/10",
Year,,60-1 MAJBOROUGH TO FINISH IN THE TOP 3,,,,All Cheltenham Festival Tips
2025,,GET STARTED,,,Other factors,CHAMPION BUMPER PREVIOUS WINNERS
2024,,New customers only. £5 minimum deposit. Bets on Lulamba Top 3 Finish only. First £1 single bet only. 6 x £10 bet tokens. Free bets for horse racing multiples only. Free bet stakes not included in returns. Free bets are non-withdrawable. 7 Day free bet expiry. Eligibility restrictions. Further T&Cs apply. 18+. Gambleaware.org,,,Four winners had won at the course – three of the exceptions had been placed in this race previously.,Year
2023,,GET £30 IN FREE BETS,,,The record of the previous year’s winner is 090900372.,2025
2022,,GET STARTED,,,,2024
2021,,"Min deposit requirement. Free Bets are paid as Bet Credits and are available for use upon settlement of qualifying bets. Min odds, bet and payment method exclusions apply. Returns exclude Bet Credits stake. Time limits and T&Cs apply.",,,We have all the best Cheltenham Betting offers ahead of placing your bets on the Grand Annual Chase,2023
2020,,GET £40 IN FREE BETS,,,WHAT HAPPENED LAST YEAR - GRAND ANNUAL 2025,2022
2019,,GET STARTED,,,,2021
2018,,New customers: Deposit £10+ within 7 days and place a sports bet (place element of E/W bets excluded). Min odds apply. Get 4 x £10 Free Bets (each requires 2+ selections). Valid 7 days. Excludes eSports and non-UK/IE horse racing. 18+. T&Cs apply.,,,"Jazzy Matty gained a second festival handicap win in the Grand Annual, having landed the Fred Winter in 2023. The Cian Collins-trained chaser moved smoothly into the lead two out and responded to pressure to beat last year’s winner Unexpected Party by a length and a half.",2020
2017,,£40 IN FREE BETS WHEN YOU BET £10,,,Cheltenham RacesCheltenham OddsCheltenham Tips,2019
2016,,GET STARTED,,,TuesdaySupreme Novices' HurdleArkle ChaseFred Winter Juvenile Handicap HurdleUltima Handicap ChaseChampion HurdleTrustATrader Festival Plate HandicapNational Hunt Chase,2018
2015,,18+ New Customers only. Available 09:00 16/02/2026 to 23:59 15/03/2026. Certain deposit methods and bet types excl. 1st Deposit & Bet £10+ at min odds 1/2 within 14 days of account reg & get 3x £10 free bets and 2x £5 free bets. Restrictions + T&Cs apply.,,,WednesdayTurner's Novices' HurdleBrown Advisory Novices' ChaseBetMGM Cup Hurdle (Coral Cup)Glenfarclas Cross Country ChaseChampion ChaseGrand Annual ChaseChampion Bumper,2017
TURNER'S NOVICES' HURDLE: KEY TRENDS AND STATS,,£40 IN FREE BETS WHEN YOU BET £10,,,ThursdayMares' Novices' HurdleJack Richards Novices' ChaseMares HurdleStayers' HurdleRyanair ChasePertemps Handicap HurdleKim Muir Handicap Chase,2016
,,GET STARTED,,,FridayTriumph HurdleCounty HurdleMares ChaseAlbert Bartlett Novices' HurdleGold CupSt James's Place Hunters' ChaseMartin Pipe Handicap Hurdle,2015
Key trends,,"18+ New UK+ROI Customers only. Certain deposit methods & bet types excl. Min first £/€10 bet within 14 days of account reg at min odds 1/2 to get 3x £/€10 free bets and 2 x £/€5 free bets. Free bets available to use on selected sportsbook markets only. Free bets valid for 7 days, stake not returned. Restrictions + T&Cs apply.",,,facebooktwittersocinstagrammessenger,CHAMPION BUMPER KEY TRENDS AND STATS
"Started career in Irish points or bumpers, nine winners in last ten runnings",,£30 IN FREE BETS,,,Racing Post backs safer gambling.,
"Two or three hurdle runs, 10/10",,GET STARTED,,,RAIGGambleAware,Key trends
"Rated within 5lb of RPR top-rated, 9/10",,New UK customers. Min £10 first deposit. Place a bet of £5 at min odds of 2.0 and get £30 in Free Bets within 48 hours. Restrictions apply. Full T&Cs apply. 18+. BeGambleAware.org.,,,Cookie Preferences,"Won last time out, 10/10"
"Adjusted RPR of at least 154, 9/10",,Cheltenham Festival Tips,,,,"Aged five or six, 10/10"
"Won at least 50 per cent of hurdle runs, 9/10",,,,,,"Won a bumper worth at least £4,000 or €4,000 to the winner, 9/10"
"Finished first or second in all hurdle runs, 10/10",,2026 Cheltenham Festival tips from Racing Post Experts,,,,"Adjusted RPR of at least 138, 8/10"
"Won a Graded hurdle, 10/10",,,,,,"Off the track for at least 32 days, 8/10 (four not seen since Christmas or earlier)"
"Scored over at least 2m4f, 8/10",,BetMGM Cup Tips,,,,"Won a bumper with at least 12 runners, 9/10"
"Aged six, 8/10",,,,,,
,,Cheltenham Festival Day 2 Tips,,,,Other factors
Other factors,,,,,,Ireland has won nine of the last ten and 26 of the 33 runnings.
Five of the last ten favourites have obliged and in that period only Willoughby Court’s SP (14-1 in 2017) was bigger than 8-1,,All Cheltenham Festival Tips,,,,"Willie Mullins has had the most winners with 14 victories (six in the last ten years) but is often mob-handed. On four of the occasions he won, he saddled just one runner; on the other ten, the winner was not his most fancied in the market on all but three occasions (Facile Vega in 2022, Jasmin De Vaux in 2024 and Bambino Fever in 2025)."
,,CORAL CUP PREVIOUS WINNERS,,,,Gordon Elliott has trained two of the last ten winners.
Check out all of our latest Cheltenham Free Bets ahead of placing your bets on the 2024 Ballymore Novices' Hurdle,,Year,,,,
WHAT HAPPENED LAST YEAR - TURNER'S NOVICES' HURDLE 2025,,2025,,,,Check out all of our latest Cheltenham Free Bets ahead of placing your bets on the 2024 Champion Bumper
,,2024,,,,WHAT HAPPENED LAST YEAR - CHAMPION BUMPER 2025
The New Lion defeated two well-fancied Irish rivals to land the 2m5f opener on day two of the meeting last year. Dan Skelton’s stable star travelled well through the contest and responded to Harry Skelton’s urgings up the hill to beat The Yellow Clay by three-quarters of a length. The 6-4 favourite Final Demand was back in third in a race dominated by the market principals.,,2023,,,,
Cheltenham RacesCheltenham OddsCheltenham Tips,,2022,,,,"Bambino Fever became the ninth straight Irish-trained winner of the Champion Bumper at odds of 4-1 under Jody Townend. The mare, who went unbeaten in four bumpers last season, gained a record-extending 14th victory in the race for Willie Mullins. The second and third were also Irish-trained and filled the places at prices of 33-1 and 66-1."
TuesdaySupreme Novices' HurdleArkle ChaseFred Winter Juvenile Handicap HurdleUltima Handicap ChaseChampion HurdleTrustATrader Festival Plate HandicapNational Hunt Chase,,2021,,,,Cheltenham RacesCheltenham OddsCheltenham Tips
WednesdayTurner's Novices' HurdleBrown Advisory Novices' ChaseBetMGM Cup Hurdle (Coral Cup)Glenfarclas Cross Country ChaseChampion ChaseGrand Annual ChaseChampion Bumper,,2020,,,,TuesdaySupreme Novices' HurdleArkle ChaseFred Winter Juvenile Handicap HurdleUltima Handicap ChaseChampion HurdleTrustATrader Festival Plate HandicapNational Hunt Chase
ThursdayMares' Novices' HurdleJack Richards Novices' ChaseMares HurdleStayers' HurdleRyanair ChasePertemps Handicap HurdleKim Muir Handicap Chase,,2019,,,,WednesdayTurner's Novices' HurdleBrown Advisory Novices' ChaseBetMGM Cup Hurdle (Coral Cup)Glenfarclas Cross Country ChaseChampion ChaseGrand Annual ChaseChampion Bumper
FridayTriumph HurdleCounty HurdleMares ChaseAlbert Bartlett Novices' HurdleGold CupSt James's Place Hunters' ChaseMartin Pipe Handicap Hurdle,,2018,,,,ThursdayMares' Novices' HurdleJack Richards Novices' ChaseMares HurdleStayers' HurdleRyanair ChasePertemps Handicap HurdleKim Muir Handicap Chase
facebooktwittersocinstagrammessenger,,2017,,,,FridayTriumph HurdleCounty HurdleMares ChaseAlbert Bartlett Novices' HurdleGold CupSt James's Place Hunters' ChaseMartin Pipe Handicap Hurdle
Racing Post backs safer gambling.,,2016,,,,facebooktwittersocinstagrammessenger
RAIGGambleAware,,2015,,,,Racing Post backs safer gambling.
Cookie Preferences,,BetMGM CUP KEY TRENDS AND STATS,,,,RAIGGambleAware
,,,,,,Cookie Preferences
,,Key trends,,,,
,,"No more than nine hurdle runs, 8/10",,,,
,,"Not run for at least 32 days, 8/10",,,,
,,"Won between 2m2f and 2m6f over hurdles, 8/10",,,,
,,"Carried at least 10st 12lb, 9/10",,,,
,,"No more than four runs that season, 7/10",,,,
,,"Officially rated 138 to 149, 8/10",,,,
,,"Aged five to seven, 6/10",,,,
,,,,,,
,,Other factors,,,,
,,,,,,
,,The three winners to have had more than nine hurdle runs came in three of the last four runnings – Commander Of Fleet in 2022 (13 hurdle runs) and Langer Dan in 2023 (16) and in 2024 (21).,,,,
,,,,,,
,,Check out all of our latest Cheltenham Free Bets ahead of placing your bets on the 2024 Coral Cup Hurdle,,,,
,,WHAT HAPPENED LAST YEAR - CORAL CUP 2025,,,,
,,,,,,
,,The Coral Cup went to 16-1 shot Jimmy Du Seuil. The six-year-old had not run since the previous season’s Punchestown festival but proved well up to this task on his handicap debut for Willie Mullins. Dan Skelton had won the previous two runnings but had to settle for eighth with the 3-1 favourite Be Aware.,,,,
,,Cheltenham RacesCheltenham OddsCheltenham Tips,,,,
,,TuesdaySupreme Novices' HurdleArkle ChaseFred Winter Juvenile Handicap HurdleUltima Handicap ChaseChampion HurdleTrustATrader Festival Plate HandicapNational Hunt Chase,,,,
,,WednesdayTurner's Novices' HurdleBrown Advisory Novices' ChaseBetMGM Cup Hurdle (Coral Cup)Glenfarclas Cross Country ChaseChampion ChaseGrand Annual ChaseChampion Bumper,,,,
,,ThursdayMares' Novices' HurdleJack Richards Novices' ChaseMares HurdleStayers' HurdleRyanair ChasePertemps Handicap HurdleKim Muir Handicap Chase,,,,
,,FridayTriumph HurdleCounty HurdleMares ChaseAlbert Bartlett Novices' HurdleGold CupSt James's Place Hunters' ChaseMartin Pipe Handicap Hurdle,,,,
,,facebooktwittersocinstagrammessenger,,,,
,,Racing Post backs safer gambling.,,,,
,,RAIGGambleAware,,,,
,,Cookie Preferences,,,,